0,1
0.05,1
0.1,1
0.15,1
0.2,1
0.25,1
0.3,1
0.35,1
0.4,1
0.45,1
0.5,1
0.55,1
0.6,1
0.65,1
0.7,1
0.75,1
0.8,1
0.85,1
0.9,1
0.95,1
1,1
1.05,1
1.1,1
1.15,1
1.2,1
1.25,1
1.3,1
1.35,1
1.4,1
1.45,1
1.5,1
1.55,1
1.6,1
1.65,1
1.7,1
1.75,1
1.8,1
1.85,1
1.9,1
1.95,1
2,1
2.05,1
2.1,1
2.15,1
2.2,1
2.25,1
2.3,1
2.35,1
2.4,1
2.45,1
2.5,1
2.55,1
2.6,1
2.65,1
2.7,1
2.75,1
2.8,1
2.85,1
2.9,1
2.95,1
3,1
3.05,1
3.1,1
3.15,1
3.2,1
3.25,1
3.3,1
3.35,1
3.4,1
3.45,1
3.5,1
3.55,1
3.6,1
3.65,1
3.7,1
3.75,1
3.8,1
3.85,1
3.9,1
3.95,1
4,1
4.05,1
4.1,1
4.15,1
4.2,1
4.25,1
4.3,1
4.35,1
4.4,1
4.45,1
4.5,1
4.55,1
4.6,1
4.65,1
4.7,1
4.75,1
4.8,1
4.85,1
4.9,1
4.95,1
5,1
5.05,1
5.1,1
5.15,1
5.2,1
5.25,1
5.3,1
5.35,1
5.4,1
5.45,1
5.5,1
5.55,1
5.6,1
5.65,1
5.7,1
5.75,1
5.8,1
5.85,1
5.9,1
5.95,1
6,1
6.05,1
6.1,1
6.15,1
6.2,1
6.25,1
6.3,1
6.35,1
6.4,1
6.45,1
6.5,1
6.55,1
6.6,1
6.65,1
6.7,1
6.75,1
6.8,1
6.85,1
6.9,1
6.95,1
7,1
7.05,1
7.1,1
7.15,1
7.2,1
7.25,1
7.3,1
7.35,1
7.4,1
7.45,1
7.5,1
7.55,1
7.6,1
7.65,1
7.7,1
7.75,1
7.8,1
7.85,1
7.9,1
7.95,1
8,1
8.05,1
8.1,1
8.15,1
8.2,1
8.25,1
8.3,1
8.35,1
8.4,1
8.45,1
8.5,1
8.55,1
8.6,1
8.65,1
8.7,1
8.75,1
8.8,1
8.85,1
8.9,1
8.95,1
9,1
9.05,1
9.1,1
9.15,1
9.2,1
9.25,1
9.3,1
9.35,1
9.4,1
9.45,1
9.5,1
9.55,1
9.6,1
9.65,1
9.7,1
9.75,1
9.8,1
9.85,1
9.9,1
9.95,1
10,1
10.05,1
10.1,1
10.15,1
10.2,1
10.25,1
10.3,1
10.35,1
10.4,1
10.45,1
10.5,1
10.55,1
10.6,1
10.65,1
10.7,0
10.75,0
10.8,0
10.85,0
10.9,0
10.95,0
11,0
11.05,0
11.1,0
11.15,0
11.2,0
11.25,0
11.3,0
11.35,0
11.4,0
11.45,0
11.5,0
11.55,0
11.6,0
11.65,0
11.7,0
11.75,0
11.8,0
11.85,0
11.9,0
11.95,0
12,0
12.05,0
12.1,0
12.15,0
12.2,0
12.25,0
12.3,0
12.35,0
12.4,0
12.45,0
12.5,0
12.55,0
12.6,0
12.65,0
12.7,0
12.75,0
12.8,0
12.85,0
12.9,0
12.95,0
13,0
13.05,0
13.1,0
13.15,0
13.2,0
13.25,0
13.3,0
13.35,0
13.4,0
13.45,0
13.5,0
13.55,0
13.6,0
13.65,0
13.7,0
13.75,0
13.8,0
13.85,0
13.9,0
13.95,0
14,0
14.05,0
14.1,0
14.15,0
14.2,0
14.25,0
14.3,0
14.35,0
14.4,0
14.45,0
14.5,0
14.55,0
14.6,0
14.65,0
14.7,0
14.75,0
14.8,0
14.85,0
14.9,0
14.95,0
15,0
15.05,0
15.1,0
15.15,0
15.2,0
15.25,0
15.3,0
15.35,0
15.4,0
15.45,0
15.5,0
15.55,0
15.6,0
15.65,0
15.7,0
15.75,0
15.8,0
15.85,0
15.9,0
15.95,0
16,0
16.05,0
16.1,0
16.15,0
16.2,0
16.25,0
16.3,0
16.35,0
16.4,0
16.45,0
16.5,0
16.55,0
16.6,0
16.65,0
16.7,0
16.75,0
16.8,0
16.85,0
16.9,0
16.95,0
17,0
17.05,0
17.1,0
17.15,0
17.2,0
17.25,0
17.3,0
17.35,0
17.4,0
17.45,0
17.5,0
17.55,0
17.6,0
17.65,0
17.7,0
17.75,0
17.8,0
17.85,0
17.9,0
17.95,0
18,0
18.05,0
18.1,0
18.15,0
18.2,0
18.25,0
18.3,0
18.35,0
18.4,0
18.45,0
18.5,0
18.55,0
18.6,0
18.65,0
18.7,0
18.75,0
18.8,0
18.85,0
18.9,0
18.95,0
19,0
19.05,0
19.1,0
19.15,0
19.2,0
19.25,0
19.3,0
19.35,0
19.4,0
19.45,0
19.5,0
19.55,0
19.6,0
19.65,0
19.7,0
19.75,0
19.8,0
19.85,0
19.9,0
19.95,0
20,0
20.05,0
20.1,0
20.15,0
20.2,0
20.25,0
20.3,0
20.35,0
20.4,0
20.45,0
20.5,0
20.55,0
20.6,0
20.65,0
20.7,0
20.75,0
20.8,0
20.85,0
20.9,0
20.95,0
21,0
21.05,0
21.1,0
21.15,0
21.2,0
21.25,0
21.3,0
21.35,0
21.4,0
21.45,0
21.5,0
21.55,0
21.6,0
21.65,0
21.7,0
21.75,0
21.8,0
21.85,0
21.9,0
21.95,0
22,0
22.05,0
22.1,0
22.15,0
22.2,0
22.25,0
22.3,0
22.35,0
22.4,0
22.45,0
22.5,0
22.55,0
22.6,0
22.65,0
22.7,0
22.75,0
22.8,0
22.85,0
22.9,0
22.95,0
23,0
23.05,0
23.1,0
23.15,0
23.2,0
23.25,0
23.3,0
23.35,0
23.4,0
23.45,0
23.5,0
23.55,0
23.6,0
23.65,0
23.7,0
23.75,0
23.8,0
23.85,0
23.9,0
23.95,0
24,0
24.05,0
24.1,0
24.15,0
24.2,0
24.25,0
24.3,0
24.35,0
24.4,0
24.45,0
24.5,0
24.55,0
24.6,0
24.65,0
24.7,0
24.75,0
24.8,0
24.85,0
24.9,0
24.95,0
25,0
25.05,0
25.1,0
25.15,0
25.2,0
25.25,0
25.3,0
25.35,0
25.4,0
25.45,0
25.5,0
25.55,0
25.6,0
25.65,0
25.7,0
25.75,0
25.8,0
25.85,0
25.9,0
25.95,0
26,0
26.05,0
26.1,0
26.15,0
26.2,0
26.25,0
26.3,0
26.35,0
26.4,0
26.45,0
26.5,0
26.55,0
26.6,0
26.65,0
26.7,0
26.75,0
26.8,0
26.85,0
26.9,0
26.95,0
27,0
27.05,0
27.1,0
27.15,0
27.2,0
27.25,0
27.3,0
27.35,0
27.4,0
27.45,0
27.5,0
27.55,0
27.6,0
27.65,0
27.7,0
27.75,0
27.8,0
27.85,0
27.9,0
27.95,0
28,0
28.05,0
28.1,0
28.15,0
28.2,0
28.25,0
28.3,0
28.35,0
28.4,0
28.45,0
28.5,0
28.55,0
28.6,0
28.65,0
28.7,0
28.75,0
28.8,0
28.85,0
28.9,0
28.95,0
29,0
29.05,0
29.1,0
29.15,0
29.2,0
29.25,0
29.3,0
29.35,0
29.4,0
29.45,0
29.5,1
29.55,1
29.6,1
29.65,1
29.7,1
29.75,1
29.8,1
29.85,1
29.9,1
29.95,1
30,1
30.05,1
30.1,1
30.15,1
30.2,1
30.25,1
30.3,1
30.35,1
30.4,1
30.45,1
30.5,1
30.55,1
30.6,1
30.65,1
30.7,1
30.75,1
30.8,1
30.85,1
30.9,1
30.95,1
31,1
31.05,1
31.1,1
31.15,1
31.2,1
31.25,1
31.3,1
31.35,1
31.4,1
31.45,1
31.5,1
31.55,1
31.6,1
31.65,1
31.7,1
31.75,1
31.8,1
31.85,1
31.9,1
31.95,1
32,1
32.05,1
32.1,1
32.15,1
32.2,1
32.25,1
32.3,1
32.35,1
32.4,1
32.45,1
32.5,1
32.55,1
32.6,1
32.65,1
32.7,1
32.75,1
32.8,1
32.85,1
32.9,1
32.95,1
33,1
33.05,1
33.1,1
33.15,1
33.2,1
33.25,1
33.3,1
33.35,1
33.4,1
33.45,1
33.5,1
33.55,1
33.6,1
33.65,1
33.7,1
33.75,1
33.8,1
33.85,1
33.9,1
33.95,1
34,1
34.05,1
34.1,1
34.15,1
34.2,1
34.25,1
34.3,1
34.35,1
34.4,1
34.45,1
34.5,1
34.55,1
34.6,1
34.65,1
34.7,1
34.75,1
34.8,1
34.85,1
34.9,1
34.95,1
35,1
35.05,1
35.1,1
35.15,1
35.2,1
35.25,1
35.3,1
35.35,1
35.4,1
35.45,1
35.5,1
35.55,1
35.6,1
35.65,1
35.7,1
35.75,1
35.8,1
35.85,1
35.9,1
35.95,1
36,1
36.05,1
36.1,1
36.15,1
36.2,1
36.25,1
36.3,1
36.35,1
36.4,1
36.45,1
36.5,1
36.55,1
36.6,1
36.65,1
36.7,1
36.75,1
36.8,1
36.85,1
36.9,1
36.95,1
37,1
37.05,1
37.1,1
37.15,1
37.2,1
37.25,1
37.3,1
37.35,1
37.4,1
37.45,1
37.5,1
37.55,1
37.6,1
37.65,1
37.7,1
37.75,1
37.8,1
37.85,1
37.9,1
37.95,1
38,1
38.05,1
38.1,1
38.15,1
38.2,1
38.25,1
38.3,1
38.35,1
38.4,1
38.45,1
38.5,1
38.55,1
38.6,1
38.65,1
38.7,1
38.75,1
38.8,1
38.85,1
38.9,1
38.95,1
39,1
39.05,1
39.1,1
39.15,1
39.2,1
39.25,1
39.3,1
39.35,1
39.4,1
39.45,1
39.5,1
39.55,1
39.6,1
39.65,1
39.7,1
39.75,1
39.8,1
39.85,1
39.9,1
39.95,1
40,1
40.05,1
40.1,1
40.15,1
40.2,1
40.25,1
40.3,1
40.35,1
40.4,1
40.45,1
40.5,1
40.55,1
40.6,1
40.65,1
40.7,1
40.75,1
40.8,1
40.85,1
40.9,1
40.95,1
41,1
41.05,1
41.1,1
41.15,1
41.2,1
41.25,1
41.3,1
41.35,1
41.4,1
41.45,1
41.5,1
41.55,1
41.6,1
41.65,1
41.7,1
41.75,1
41.8,1
41.85,1
41.9,1
41.95,1
42,1
42.05,1
42.1,1
42.15,1
42.2,1
42.25,1
42.3,1
42.35,1
42.4,1
42.45,1
42.5,1
42.55,1
42.6,1
42.65,1
42.7,1
42.75,1
42.8,1
42.85,1
42.9,1
42.95,1
43,1
43.05,1
43.1,1
43.15,1
43.2,1
43.25,1
43.3,1
43.35,1
43.4,1
43.45,1
43.5,1
43.55,1
43.6,1
43.65,1
43.7,1
43.75,1
43.8,1
43.85,1
43.9,1
43.95,1
44,1
44.05,1
44.1,1
44.15,1
44.2,1
44.25,1
44.3,1
44.35,1
44.4,1
44.45,1
44.5,1
44.55,1
44.6,1
44.65,1
44.7,1
44.75,1
44.8,1
44.85,1
44.9,1
44.95,1
45,1
45.05,1
45.1,1
45.15,1
45.2,1
45.25,1
45.3,1
45.35,1
45.4,1
45.45,1
45.5,1
45.55,1
45.6,1
45.65,1
45.7,1
45.75,1
45.8,1
45.85,1
45.9,1
45.95,1
46,1
46.05,1
46.1,1
46.15,1
46.2,1
46.25,1
46.3,1
46.35,1
46.4,1
46.45,1
46.5,1
46.55,1
46.6,1
46.65,1
46.7,1
46.75,1
46.8,1
46.85,1
46.9,1
46.95,1
47,1
47.05,1
47.1,1
47.15,1
47.2,1
47.25,1
47.3,1
47.35,1
47.4,1
47.45,1
47.5,1
47.55,1
47.6,1
47.65,1
47.7,1
47.75,1
47.8,1
47.85,1
47.9,1
47.95,1
48,1
48.05,1
48.1,1
48.15,1
48.2,1
48.25,1
48.3,1
48.35,1
48.4,1
48.45,1
48.5,1
48.55,1
48.6,1
48.65,1
48.7,1
48.75,1
48.8,1
48.85,1
48.9,1
48.95,1
49,1
49.05,1
49.1,1
49.15,1
49.2,1
49.25,1
49.3,1
49.35,1
49.4,1
49.45,1
49.5,1
49.55,1
49.6,1
49.65,1
49.7,1
49.75,1
49.8,1
49.85,1
49.9,1
49.95,1
50,1
50.05,1
50.1,1
50.15,1
50.2,1
50.25,1
50.3,1
50.35,1
50.4,1
50.45,1
50.5,1
50.55,1
50.6,1
50.65,1
50.7,1
50.75,1
50.8,1
50.85,1
50.9,1
50.95,1
51,1
51.05,1
51.1,1
51.15,1
51.2,1
51.25,1
51.3,1
51.35,1
51.4,1
51.45,1
51.5,1
51.55,1
51.6,1
51.65,1
51.7,1
51.75,1
51.8,1
51.85,1
51.9,1
51.95,1
52,1
52.05,1
52.1,1
52.15,1
52.2,1
52.25,1
52.3,1
52.35,1
52.4,1
52.45,1
52.5,1
52.55,1
52.6,1
52.65,1
52.7,1
52.75,1
52.8,1
52.85,1
52.9,1
52.95,1
53,1
53.05,1
53.1,1
53.15,1
53.2,1
53.25,1
53.3,1
53.35,1
53.4,1
53.45,1
53.5,1
53.55,1
53.6,1
53.65,1
53.7,1
53.75,1
53.8,1
53.85,1
53.9,1
53.95,1
54,1
54.05,1
54.1,1
54.15,1
54.2,1
54.25,1
54.3,1
54.35,1
54.4,1
54.45,1
54.5,1
54.55,1
54.6,1
54.65,1
54.7,1
54.75,1
54.8,1
54.85,1
54.9,1
54.95,1
55,1
55.05,1
55.1,1
55.15,1
55.2,1
55.25,1
55.3,1
55.35,1
55.4,1
55.45,1
55.5,1
55.55,1
55.6,1
55.65,1
55.7,1
55.75,1
55.8,1
55.85,1
55.9,1
55.95,1
56,1
56.05,1
56.1,1
56.15,1
56.2,1
56.25,1
56.3,1
56.35,1
56.4,1
56.45,1
56.5,1
56.55,1
56.6,1
56.65,1
56.7,1
56.75,1
56.8,1
56.85,1
56.9,1
56.95,1
57,1
57.05,1
57.1,1
57.15,1
57.2,1
57.25,1
57.3,1
57.35,1
57.4,1
57.45,1
57.5,1
57.55,1
57.6,1
57.65,1
57.7,1
57.75,1
57.8,1
57.85,1
57.9,1
57.95,1
58,1
58.05,1
58.1,1
58.15,1
58.2,1
58.25,1
58.3,1
58.35,1
58.4,1
58.45,1
58.5,1
58.55,1
58.6,1
58.65,1
58.7,1
58.75,1
58.8,1
58.85,1
58.9,1
58.95,1
59,1
59.05,1
59.1,1
59.15,1
59.2,1
59.25,1
59.3,1
59.35,1
59.4,1
59.45,1
59.5,1
59.55,1
59.6,1
59.65,1
59.7,1
59.75,1
59.8,1
59.85,1
59.9,1
59.95,1
60,1
60.05,1
60.1,1
60.15,1
60.2,1
60.25,1
60.3,1
60.35,1
60.4,1
60.45,1
60.5,1
60.55,1
60.6,1
60.65,1
60.7,1
60.75,1
60.8,1
60.85,1
60.9,1
60.95,1
61,1
61.05,1
61.1,1
61.15,1
61.2,1
61.25,1
61.3,1
61.35,1
61.4,1
61.45,1
61.5,1
61.55,1
61.6,1
61.65,1
61.7,1
61.75,1
61.8,1
61.85,1
61.9,1
61.95,1
62,1
62.05,1
62.1,1
62.15,1
62.2,1
62.25,1
62.3,1
62.35,1
62.4,1
62.45,1
62.5,1
62.55,1
62.6,1
62.65,1
62.7,1
62.75,1
62.8,1
62.85,1
62.9,1
62.95,1
63,1
63.05,1
63.1,1
63.15,1
63.2,1
63.25,1
63.3,1
63.35,1
63.4,1
63.45,1
63.5,1
63.55,1
63.6,1
63.65,1
63.7,1
63.75,1
63.8,1
63.85,1
63.9,1
63.95,1
64,1
64.05,1
64.1,1
64.15,1
64.2,1
64.25,1
64.3,1
64.35,1
64.4,1
64.45,1
64.5,1
64.55,1
64.6,1
64.65,1
64.7,1
64.75,1
64.8,1
64.85,1
64.9,1
64.95,1
65,1
65.05,1
65.1,1
65.15,1
65.2,1
65.25,1
65.3,1
65.35,1
65.4,1
65.45,1
65.5,1
65.55,1
65.6,1
65.65,1
65.7,1
65.75,1
65.8,1
65.85,1
65.9,1
65.95,1
66,1
66.05,1
66.1,1
66.15,1
66.2,1
66.25,1
66.3,1
66.35,1
66.4,1
66.45,1
66.5,1
66.55,1
66.6,1
66.65,1
66.7,1
66.75,1
66.8,1
66.85,1
66.9,1
66.95,1
67,1
67.05,1
67.1,1
67.15,1
67.2,1
67.25,1
67.3,1
67.35,1
67.4,1
67.45,1
67.5,1
67.55,1
67.6,1
67.65,1
67.7,1
67.75,1
67.8,1
67.85,1
67.9,1
67.95,1
68,1
68.05,1
68.1,1
68.15,1
68.2,1
68.25,1
68.3,1
68.35,1
68.4,1
68.45,1
68.5,1
68.55,1
68.6,1
68.65,1
68.7,1
68.75,1
68.8,1
68.85,1
68.9,1
68.95,1
69,1
69.05,1
69.1,1
69.15,1
69.2,1
69.25,1
69.3,1
69.35,1
69.4,1
69.45,1
69.5,1
69.55,1
69.6,1
69.65,1
69.7,1
69.75,1
69.8,1
69.85,1
69.9,1
69.95,1
70,1
70.05,1
70.1,1
70.15,1
70.2,1
70.25,1
70.3,1
70.35,1
70.4,1
70.45,1
70.5,1
70.55,1
70.6,1
70.65,1
70.7,1
70.75,1
70.8,1
70.85,1
70.9,1
70.95,1
71,1
71.05,1
71.1,1
71.15,1
71.2,1
71.25,1
71.3,1
71.35,1
71.4,1
71.45,1
71.5,1
71.55,1
71.6,1
71.65,1
71.7,1
71.75,1
71.8,1
71.85,1
71.9,1
71.95,1
72,1
72.05,1
72.1,1
72.15,1
72.2,1
72.25,1
72.3,1
72.35,1
72.4,1
72.45,1
72.5,1
72.55,1
72.6,1
72.65,1
72.7,1
72.75,1
72.8,1
72.85,1
72.9,1
72.95,1
73,1
73.05,1
73.1,1
73.15,1
73.2,1
73.25,1
73.3,1
73.35,1
73.4,1
73.45,1
73.5,1
73.55,1
73.6,1
73.65,1
73.7,1
73.75,1
73.8,1
73.85,1
73.9,1
73.95,1
74,1
74.05,1
74.1,1
74.15,1
74.2,1
74.25,1
74.3,1
74.35,1
74.4,1
74.45,1
74.5,1
74.55,1
74.6,1
74.65,1
74.7,1
74.75,1
74.8,1
74.85,1
74.9,1
74.95,1
75,1
75.05,1
75.1,1
75.15,1
75.2,1
75.25,1
75.3,1
75.35,1
75.4,1
75.45,1
75.5,1
75.55,1
75.6,1
75.65,1
75.7,1
75.75,1
75.8,1
75.85,1
75.9,1
75.95,1
76,1
76.05,1
76.1,1
76.15,1
76.2,1
76.25,1
76.3,1
76.35,1
76.4,1
76.45,1
76.5,1
76.55,1
76.6,1
76.65,1
76.7,1
76.75,1
76.8,1
76.85,1
76.9,1
76.95,1
77,1
77.05,1
77.1,1
77.15,1
77.2,1
77.25,1
77.3,1
77.35,1
77.4,1
77.45,1
77.5,1
77.55,1
77.6,1
77.65,1
77.7,1
77.75,1
77.8,1
77.85,1
77.9,1
77.95,1
78,1
78.05,1
78.1,1
78.15,1
78.2,1
78.25,1
78.3,1
78.35,1
78.4,1
78.45,1
78.5,1
78.55,1
78.6,1
78.65,1
78.7,1
78.75,1
78.8,1
78.85,1
78.9,1
78.95,1
79,1
79.05,1
79.1,1
79.15,1
79.2,1
79.25,1
79.3,1
79.35,1
79.4,1
79.45,1
79.5,1
79.55,1
79.6,1
79.65,1
79.7,1
79.75,1
79.8,1
79.85,1
79.9,1
79.95,1
80,1
80.05,1
80.1,1
80.15,1
80.2,1
80.25,1
80.3,1
80.35,1
80.4,1
80.45,1
80.5,1
80.55,1
80.6,1
80.65,1
80.7,1
80.75,1
80.8,1
80.85,1
80.9,1
80.95,1
81,1
81.05,1
81.1,1
81.15,1
81.2,1
81.25,1
81.3,1
81.35,1
81.4,1
81.45,1
81.5,1
81.55,1
81.6,1
81.65,1
81.7,1
81.75,1
81.8,1
81.85,1
81.9,1
81.95,1
82,1
82.05,1
82.1,1
82.15,1
82.2,1
82.25,1
82.3,1
82.35,1
82.4,1
82.45,1
82.5,1
82.55,1
82.6,1
82.65,1
82.7,1
82.75,1
82.8,1
82.85,1
82.9,1
82.95,1
83,1
83.05,1
83.1,1
83.15,1
83.2,1
83.25,1
83.3,1
83.35,1
83.4,1
83.45,1
83.5,1
83.55,1
83.6,1
83.65,1
83.7,1
83.75,1
83.8,1
83.85,1
83.9,1
83.95,1
84,1
84.05,1
84.1,1
84.15,1
84.2,1
84.25,1
84.3,1
84.35,1
84.4,1
84.45,1
84.5,1
84.55,1
84.6,1
84.65,1
84.7,1
84.75,1
84.8,1
84.85,1
84.9,1
84.95,1
85,1
85.05,1
85.1,1
85.15,1
85.2,1
85.25,1
85.3,1
85.35,1
85.4,1
85.45,1
85.5,1
85.55,1
85.6,1
85.65,1
85.7,1
85.75,1
85.8,1
85.85,1
85.9,1
85.95,1
86,1
86.05,1
86.1,1
86.15,1
86.2,1
86.25,1
86.3,1
86.35,1
86.4,1
86.45,1
86.5,1
86.55,1
86.6,1
86.65,1
86.7,1
86.75,1
86.8,1
86.85,1
86.9,1
86.95,1
87,1
87.05,1
87.1,1
87.15,1
87.2,1
87.25,1
87.3,1
87.35,1
87.4,1
87.45,1
87.5,1
87.55,1
87.6,1
87.65,1
87.7,1
87.75,1
87.8,1
87.85,1
87.9,1
87.95,1
88,1
88.05,1
88.1,1
88.15,1
88.2,1
88.25,1
88.3,1
88.35,1
88.4,1
88.45,1
88.5,1
88.55,1
88.6,1
88.65,1
88.7,1
88.75,1
88.8,1
88.85,1
88.9,1
88.95,1
89,1
89.05,1
89.1,1
89.15,1
89.2,1
89.25,1
89.3,1
89.35,1
89.4,1
89.45,1
89.5,1
89.55,1
89.6,1
89.65,1
89.7,1
89.75,1
89.8,1
89.85,1
89.9,1
89.95,1
90,1
90.05,1
90.1,1
90.15,1
90.2,1
90.25,1
90.3,1
90.35,1
90.4,1
90.45,1
90.5,1
90.55,1
90.6,1
90.65,1
90.7,1
90.75,1
90.8,1
90.85,1
90.9,1
90.95,1
91,1
91.05,1
91.1,1
91.15,1
91.2,1
91.25,1
91.3,1
91.35,1
91.4,1
91.45,1
91.5,1
91.55,1
91.6,1
91.65,1
91.7,1
91.75,1
91.8,1
91.85,1
91.9,1
91.95,1
92,1
92.05,1
92.1,1
92.15,1
92.2,1
92.25,1
92.3,1
92.35,1
92.4,1
92.45,1
92.5,1
92.55,1
92.6,1
92.65,1
92.7,1
92.75,1
92.8,1
92.85,1
92.9,1
92.95,1
93,1
93.05,1
93.1,1
93.15,1
93.2,1
93.25,1
93.3,1
93.35,1
93.4,1
93.45,1
93.5,1
93.55,1
93.6,1
93.65,1
93.7,1
93.75,1
93.8,1
93.85,1
93.9,1
93.95,1
94,1
94.05,1
94.1,1
94.15,1
94.2,1
94.25,1
94.3,1
94.35,1
94.4,1
94.45,1
94.5,1
94.55,1
94.6,1
94.65,1
94.7,1
94.75,1
94.8,1
94.85,1
94.9,1
94.95,1
95,1
95.05,1
95.1,1
95.15,1
95.2,1
95.25,1
95.3,1
95.35,1
95.4,1
95.45,1
95.5,1
95.55,1
95.6,1
95.65,1
95.7,1
95.75,1
95.8,1
95.85,1
95.9,1
95.95,1
96,1
96.05,1
96.1,1
96.15,1
96.2,1
96.25,1
96.3,1
96.35,1
96.4,1
96.45,1
96.5,1
96.55,1
96.6,1
96.65,1
96.7,1
96.75,1
96.8,1
96.85,1
96.9,1
96.95,1
97,1
97.05,1
97.1,1
97.15,1
97.2,1
97.25,1
97.3,1
97.35,1
97.4,1
97.45,1
97.5,1
97.55,1
97.6,1
97.65,1
97.7,1
97.75,1
97.8,1
97.85,1
97.9,1
97.95,1
98,1
98.05,1
98.1,1
98.15,1
98.2,1
98.25,1
98.3,1
98.35,1
98.4,1
98.45,1
98.5,1
98.55,1
98.6,1
98.65,1
98.7,1
98.75,1
98.8,1
98.85,1
98.9,1
98.95,1
99,1
99.05,1
99.1,1
99.15,1
99.2,1
99.25,1
99.3,1
99.35,1
99.4,1
99.45,1
99.5,1
99.55,1
99.6,1
99.65,1
99.7,1
99.75,1
99.8,1
99.85,1
99.9,1
99.95,1
100,1
